-- phpMyAdmin SQL Dump
-- version 4.8.1
-- https://www.phpmyadmin.net/
--
-- Host: 127.0.0.1
-- Generation Time: Aug 15, 2019 at 12:40 PM
-- Server version: 10.1.33-MariaDB
-- PHP Version: 7.2.6

SET SQL_MODE = "NO_AUTO_VALUE_ON_ZERO";
SET AUTOCOMMIT = 0;
START TRANSACTION;
SET time_zone = "+00:00";


/*!40101 SET @OLD_CHARACTER_SET_CLIENT=@@CHARACTER_SET_CLIENT */;
/*!40101 SET @OLD_CHARACTER_SET_RESULTS=@@CHARACTER_SET_RESULTS */;
/*!40101 SET @OLD_COLLATION_CONNECTION=@@COLLATION_CONNECTION */;
/*!40101 SET NAMES utf8mb4 */;

--
-- Database: `db_store`
--

-- --------------------------------------------------------

--
-- Table structure for table `t_material`
--

CREATE TABLE `t_material` (
  `id` int(11) NOT NULL,
  `material` varchar(20) NOT NULL,
  `material_description` varchar(50) NOT NULL,
  `qty` int(11) NOT NULL,
  `unit` varchar(10) NOT NULL
) ENGINE=InnoDB DEFAULT CHARSET=latin1;

--
-- Dumping data for table `t_material`
--

INSERT INTO `t_material` (`id`, `material`, `material_description`, `qty`, `unit`) VALUES
(1, 'MSPEL180001', 'Scanner s/n LS2208-SR20001ZZAP1', 2, 'PC'),
(2, 'MSPEL20000', 'Scanner s/n LS2208-SR20001ZZAP2', 3, 'PC');

-- --------------------------------------------------------

--
-- Table structure for table `t_order`
--

CREATE TABLE `t_order` (
  `id` int(11) NOT NULL,
  `order_by` varchar(20) NOT NULL,
  `material` varchar(20) NOT NULL,
  `qty` int(11) NOT NULL,
  `status` varchar(20) NOT NULL,
  `date_created` timestamp NOT NULL DEFAULT CURRENT_TIMESTAMP,
  `date_pending` timestamp NOT NULL DEFAULT CURRENT_TIMESTAMP,
  `date_booking` timestamp NOT NULL DEFAULT '0000-00-00 00:00:00',
  `date_receive` timestamp NOT NULL DEFAULT '0000-00-00 00:00:00',
  `notif` int(11) NOT NULL,
  `date_deleted` datetime NOT NULL,
  `deleted` int(11) NOT NULL
) ENGINE=InnoDB DEFAULT CHARSET=latin1;

--
-- Dumping data for table `t_order`
--

INSERT INTO `t_order` (`id`, `order_by`, `material`, `qty`, `status`, `date_created`, `date_pending`, `date_booking`, `date_receive`, `notif`, `date_deleted`, `deleted`) VALUES
(1, '1', '1', 3, 'Received', '2019-07-18 11:32:40', '2019-07-22 11:53:35', '2019-07-22 11:53:40', '2019-07-22 11:53:45', 0, '0000-00-00 00:00:00', 0),
(2, '1', '2', 4, 'Pending', '2019-07-18 11:32:40', '2019-07-22 11:54:39', '2019-07-22 11:53:42', '0000-00-00 00:00:00', 0, '0000-00-00 00:00:00', 0),
(3, '1', '1', 5, 'Booking', '2019-07-18 11:32:40', '2019-07-22 11:44:44', '2019-07-22 11:45:10', '0000-00-00 00:00:00', 0, '0000-00-00 00:00:00', 0),
(5, '1', '1', 1, 'Booking', '2019-07-18 11:32:40', '2019-07-22 11:44:39', '2019-07-22 11:45:11', '0000-00-00 00:00:00', 0, '0000-00-00 00:00:00', 0),
(6, '1', '1', 1, 'Received', '2019-07-23 02:13:27', '2019-07-23 02:13:27', '2019-07-02 17:00:00', '2019-07-30 08:24:46', 0, '0000-00-00 00:00:00', 0),
(7, '1', '1', 1, 'Received', '2019-07-23 02:14:52', '2019-07-23 02:14:52', '2019-07-12 17:00:00', '2019-08-07 11:38:30', 0, '0000-00-00 00:00:00', 0),
(8, '1', '1', 1, 'Received', '2019-07-23 02:14:52', '2019-07-23 02:14:52', '2019-07-13 17:00:00', '2019-08-07 11:38:32', 0, '0000-00-00 00:00:00', 0),
(9, '1', '1', 1, 'Received', '2019-07-23 02:14:52', '2019-07-23 02:14:52', '2019-07-14 17:00:00', '2019-08-15 08:59:13', 0, '0000-00-00 00:00:00', 0),
(10, '1', '1', 1, 'Booking', '2019-07-23 02:14:52', '2019-07-23 02:14:52', '2019-07-15 17:00:00', '0000-00-00 00:00:00', 0, '0000-00-00 00:00:00', 0),
(11, '1', '1', 1, 'Booking', '2019-07-23 02:14:52', '2019-07-23 02:14:52', '2019-07-16 17:00:00', '0000-00-00 00:00:00', 0, '0000-00-00 00:00:00', 0),
(12, '1', '1', 1, 'Booking', '2019-07-23 02:14:52', '2019-07-23 02:14:52', '2019-07-17 17:00:00', '0000-00-00 00:00:00', 0, '0000-00-00 00:00:00', 0),
(13, '1', '1', 1, 'Booking', '2019-07-23 02:14:52', '2019-07-23 02:14:52', '2019-07-18 17:00:00', '0000-00-00 00:00:00', 0, '0000-00-00 00:00:00', 0),
(14, '1', '1', 1, 'Booking', '2019-07-23 02:14:52', '2019-07-23 02:14:52', '2019-07-19 17:00:00', '0000-00-00 00:00:00', 0, '0000-00-00 00:00:00', 0),
(15, '1', '1', 1, 'Booking', '2019-07-23 02:14:52', '2019-07-23 02:14:52', '2019-07-20 17:00:00', '0000-00-00 00:00:00', 0, '0000-00-00 00:00:00', 0),
(16, '1', '1', 1, 'Booking', '2019-07-23 02:14:52', '2019-07-23 02:14:52', '2019-07-21 17:00:00', '0000-00-00 00:00:00', 0, '0000-00-00 00:00:00', 0),
(17, '1', '1', 1, 'Booking', '2019-07-23 02:14:53', '2019-07-23 02:14:53', '2019-07-22 17:00:00', '0000-00-00 00:00:00', 0, '0000-00-00 00:00:00', 0),
(18, '1', '1', 1, 'Received', '2019-07-23 02:15:33', '2019-07-23 02:15:33', '2019-07-16 17:00:00', '2019-07-22 17:00:00', 0, '0000-00-00 00:00:00', 0),
(19, '1', '1', 1, 'Received', '2019-07-23 02:15:33', '2019-07-23 02:15:33', '2019-07-17 17:00:00', '2019-07-22 17:00:00', 0, '0000-00-00 00:00:00', 0),
(20, '1', '1', 1, 'Received', '2019-07-23 02:15:33', '2019-07-23 02:15:33', '2019-07-18 17:00:00', '2019-07-22 17:00:00', 0, '0000-00-00 00:00:00', 0),
(21, '1', '1', 1, 'Received', '2019-07-23 02:15:33', '2019-07-23 02:15:33', '2019-07-19 17:00:00', '2019-07-22 17:00:00', 0, '0000-00-00 00:00:00', 0),
(22, '1', '1', 1, 'Received', '2019-07-23 02:15:33', '2019-07-23 02:15:33', '2019-07-20 17:00:00', '2019-07-22 17:00:00', 0, '0000-00-00 00:00:00', 0),
(23, '1', '1', 1, 'Received', '2019-07-23 02:15:33', '2019-07-23 02:15:33', '2019-07-21 17:00:00', '2019-07-22 17:00:00', 0, '0000-00-00 00:00:00', 0),
(24, '1', '1', 1, 'Received', '2019-07-23 02:15:33', '2019-07-23 02:15:33', '2019-07-22 17:00:00', '2019-07-22 17:00:00', 0, '0000-00-00 00:00:00', 0),
(25, '1', '1', 1, 'Pending', '2019-07-23 02:15:52', '2019-07-23 02:15:52', '2019-07-14 17:00:00', '0000-00-00 00:00:00', 0, '0000-00-00 00:00:00', 0),
(26, '1', '1', 1, 'Pending', '2019-07-23 02:15:52', '2019-07-23 02:15:52', '2019-07-15 17:00:00', '0000-00-00 00:00:00', 0, '0000-00-00 00:00:00', 0),
(27, '1', '1', 1, 'Pending', '2019-07-23 02:15:52', '2019-07-23 02:15:52', '2019-07-16 17:00:00', '0000-00-00 00:00:00', 0, '0000-00-00 00:00:00', 0),
(28, '1', '1', 1, 'Pending', '2019-07-23 02:15:52', '2019-07-23 02:15:52', '2019-07-17 17:00:00', '0000-00-00 00:00:00', 0, '0000-00-00 00:00:00', 0),
(29, '1', '1', 1, 'Pending', '2019-07-23 02:15:53', '2019-07-23 02:15:53', '2019-07-18 17:00:00', '0000-00-00 00:00:00', 0, '0000-00-00 00:00:00', 0),
(30, '1', '1', 1, 'Pending', '2019-07-23 02:15:53', '2019-07-23 02:15:53', '2019-07-19 17:00:00', '0000-00-00 00:00:00', 0, '0000-00-00 00:00:00', 0),
(31, '1', '1', 2, 'Pending', '2019-07-23 06:14:03', '2019-07-23 06:14:03', '0000-00-00 00:00:00', '0000-00-00 00:00:00', 0, '0000-00-00 00:00:00', 0),
(32, '1', '1', 2, 'Booking', '2019-07-23 06:14:31', '0000-00-00 00:00:00', '2019-07-23 08:08:22', '0000-00-00 00:00:00', 0, '0000-00-00 00:00:00', 0),
(33, '1', '1', 2, 'Received', '2019-07-23 06:23:25', '2019-07-23 06:23:25', '0000-00-00 00:00:00', '2019-07-22 17:00:00', 0, '0000-00-00 00:00:00', 0),
(34, '1', '1', 2, 'Received', '2019-07-23 06:23:25', '2019-07-23 06:23:25', '0000-00-00 00:00:00', '2019-07-22 17:00:00', 0, '0000-00-00 00:00:00', 0),
(35, '1', '1', 2, 'Received', '2019-07-23 06:25:52', '2019-07-23 06:25:52', '0000-00-00 00:00:00', '2019-07-20 17:00:00', 0, '0000-00-00 00:00:00', 0),
(36, '1', '1', 2, 'Received', '2019-07-23 06:25:52', '2019-07-23 06:25:52', '0000-00-00 00:00:00', '2019-07-20 17:00:00', 0, '0000-00-00 00:00:00', 0),
(37, '1', '1', 2, 'Received', '2019-07-23 06:25:52', '2019-07-23 06:25:52', '0000-00-00 00:00:00', '2019-07-20 17:00:00', 0, '0000-00-00 00:00:00', 0),
(38, '1', '1', 2, 'Received', '2019-07-23 06:25:52', '2019-07-23 06:25:52', '0000-00-00 00:00:00', '2019-07-19 17:00:00', 0, '0000-00-00 00:00:00', 0),
(39, '1', '1', 2, 'Received', '2019-07-23 06:25:52', '2019-07-23 06:25:52', '0000-00-00 00:00:00', '2019-07-19 17:00:00', 0, '0000-00-00 00:00:00', 0),
(40, '1', '1', 2, 'Received', '2019-07-23 06:25:53', '2019-07-23 06:25:53', '0000-00-00 00:00:00', '2019-07-19 17:00:00', 0, '0000-00-00 00:00:00', 0),
(41, '1', '1', 2, 'Received', '2019-07-23 06:25:53', '2019-07-23 06:25:53', '0000-00-00 00:00:00', '2019-07-19 17:00:00', 0, '0000-00-00 00:00:00', 0),
(42, '1', '1', 2, 'Received', '2019-07-23 06:25:53', '2019-07-23 06:25:53', '0000-00-00 00:00:00', '2019-07-18 17:00:00', 0, '0000-00-00 00:00:00', 0),
(43, '1', '1', 2, 'Received', '2019-07-23 06:25:53', '2019-07-23 06:25:53', '0000-00-00 00:00:00', '2019-07-17 17:00:00', 0, '0000-00-00 00:00:00', 0),
(44, '1', '1', 2, 'Received', '2019-07-23 06:25:53', '2019-07-23 06:25:53', '0000-00-00 00:00:00', '2019-07-17 17:00:00', 0, '0000-00-00 00:00:00', 0),
(45, '1', '1', 2, 'Received', '2019-07-23 06:25:53', '2019-07-23 06:25:53', '0000-00-00 00:00:00', '2019-07-17 17:00:00', 0, '0000-00-00 00:00:00', 0),
(46, '1', '1', 2, 'Received', '2019-07-23 06:25:53', '2019-07-23 06:25:53', '0000-00-00 00:00:00', '2019-07-17 17:00:00', 0, '0000-00-00 00:00:00', 0),
(47, '1', '1', 2, 'Received', '2019-07-23 06:25:53', '2019-07-23 06:25:53', '0000-00-00 00:00:00', '2019-07-17 17:00:00', 0, '0000-00-00 00:00:00', 0),
(48, '1', '1', 2, 'Received', '2019-07-23 06:25:53', '2019-07-23 06:25:53', '0000-00-00 00:00:00', '2019-07-17 17:00:00', 0, '0000-00-00 00:00:00', 0),
(49, '1', '1', 2, 'Received', '2019-07-23 06:26:19', '2019-07-23 06:26:19', '0000-00-00 00:00:00', '2019-07-16 17:00:00', 0, '0000-00-00 00:00:00', 0),
(50, '1', '1', 2, 'Received', '2019-07-23 06:26:19', '2019-07-23 06:26:19', '0000-00-00 00:00:00', '2019-07-16 17:00:00', 0, '0000-00-00 00:00:00', 0),
(51, '1', '1', 2, 'Received', '2019-07-23 06:26:19', '2019-07-23 06:26:19', '0000-00-00 00:00:00', '2019-07-16 17:00:00', 0, '0000-00-00 00:00:00', 0),
(52, '1', '1', 2, 'Pending', '2019-07-23 06:29:19', '2019-07-20 17:00:00', '0000-00-00 00:00:00', '0000-00-00 00:00:00', 0, '0000-00-00 00:00:00', 0),
(53, '1', '1', 2, 'Pending', '2019-07-23 06:29:19', '2019-07-20 17:00:00', '0000-00-00 00:00:00', '0000-00-00 00:00:00', 0, '0000-00-00 00:00:00', 0),
(54, '1', '1', 2, 'Pending', '2019-07-23 06:29:19', '2019-07-20 17:00:00', '0000-00-00 00:00:00', '0000-00-00 00:00:00', 0, '0000-00-00 00:00:00', 0),
(55, '1', '1', 2, 'Pending', '2019-07-23 06:29:19', '2019-07-20 17:00:00', '0000-00-00 00:00:00', '0000-00-00 00:00:00', 0, '0000-00-00 00:00:00', 0),
(56, '1', '1', 2, 'Pending', '2019-07-23 06:29:20', '2019-07-19 17:00:00', '0000-00-00 00:00:00', '0000-00-00 00:00:00', 0, '0000-00-00 00:00:00', 0),
(57, '1', '1', 2, 'Pending', '2019-07-23 06:29:20', '2019-07-18 17:00:00', '0000-00-00 00:00:00', '0000-00-00 00:00:00', 0, '0000-00-00 00:00:00', 0),
(58, '1', '1', 2, 'Pending', '2019-07-23 06:29:20', '2019-07-18 17:00:00', '0000-00-00 00:00:00', '0000-00-00 00:00:00', 0, '0000-00-00 00:00:00', 0),
(59, '1', '1', 2, 'Pending', '2019-07-23 06:29:20', '2019-07-17 17:00:00', '0000-00-00 00:00:00', '0000-00-00 00:00:00', 0, '0000-00-00 00:00:00', 0),
(60, '1', '1', 2, 'Pending', '2019-07-23 06:29:20', '2019-07-17 17:00:00', '0000-00-00 00:00:00', '0000-00-00 00:00:00', 1, '2019-08-15 12:05:46', 1),
(61, '1', '1', 2, 'Booking', '2019-07-23 06:29:20', '2019-07-16 17:00:00', '2019-07-30 08:21:08', '0000-00-00 00:00:00', 0, '0000-00-00 00:00:00', 0),
(62, '6', '1', 10, 'Pending', '2019-07-30 08:23:21', '2019-07-30 08:23:21', '0000-00-00 00:00:00', '0000-00-00 00:00:00', 0, '0000-00-00 00:00:00', 0),
(63, '6', '2', 100, 'Pending', '2019-07-30 08:23:44', '2019-07-30 08:23:44', '0000-00-00 00:00:00', '0000-00-00 00:00:00', 0, '0000-00-00 00:00:00', 0);

-- --------------------------------------------------------

--
-- Table structure for table `t_user`
--

CREATE TABLE `t_user` (
  `id` int(11) NOT NULL,
  `username` varchar(20) NOT NULL,
  `password` varchar(50) NOT NULL,
  `name` varchar(20) NOT NULL,
  `role` varchar(10) NOT NULL,
  `picture` varchar(200) NOT NULL DEFAULT 'default.png'
) ENGINE=InnoDB DEFAULT CHARSET=latin1;

--
-- Dumping data for table `t_user`
--

INSERT INTO `t_user` (`id`, `username`, `password`, `name`, `role`, `picture`) VALUES
(1, 'habib', '202cb962ac59075b964b07152d234b70', 'Habib Syuhada', 'Admin', '1-190723 090706.png'),
(2, 'fajar', '202cb962ac59075b964b07152d234b70', 'Fajar Risci', 'Staff', '1-190723 090706.png'),
(3, 'fajar2', '202cb962ac59075b964b07152d234b70', 'Muhammad Fajar Risci', 'User', '1-190723 090706.png'),
(4, 'admin', '202cb962ac59075b964b07152d234b70', 'Admin', 'Admin', '1-190723 090706.png'),
(5, 'staff', '202cb962ac59075b964b07152d234b70', 'Staff', 'Staff', '1-190723 090706.png'),
(6, 'user', '202cb962ac59075b964b07152d234b70', 'User', 'User', '1-190723 090706.png');

-- --------------------------------------------------------

--
-- Stand-in structure for view `v_order_list`
-- (See below for the actual view)
--
CREATE TABLE `v_order_list` (
`id` int(11)
,`order_by` varchar(20)
,`name` varchar(20)
,`material_id` int(11)
,`material` varchar(20)
,`material_description` varchar(50)
,`qty` int(11)
,`unit` varchar(10)
,`status` varchar(20)
,`date_booking` timestamp
,`date_pending` timestamp
,`date_receive` timestamp
,`notif` int(11)
,`date_deleted` datetime
,`deleted` int(11)
);

-- --------------------------------------------------------

--
-- Structure for view `v_order_list`
--
DROP TABLE IF EXISTS `v_order_list`;

CREATE ALGORITHM=UNDEFINED DEFINER=`root`@`localhost` SQL SECURITY DEFINER VIEW `v_order_list`  AS  select `a`.`id` AS `id`,`a`.`order_by` AS `order_by`,`c`.`name` AS `name`,`b`.`id` AS `material_id`,`b`.`material` AS `material`,`b`.`material_description` AS `material_description`,`a`.`qty` AS `qty`,`b`.`unit` AS `unit`,`a`.`status` AS `status`,`a`.`date_booking` AS `date_booking`,`a`.`date_pending` AS `date_pending`,`a`.`date_receive` AS `date_receive`,`a`.`notif` AS `notif`,`a`.`date_deleted` AS `date_deleted`,`a`.`deleted` AS `deleted` from ((`t_order` `a` join `t_material` `b` on((`a`.`material` = `b`.`id`))) join `t_user` `c` on((`a`.`order_by` = `c`.`id`))) where 1 ;

--
-- Indexes for dumped tables
--

--
-- Indexes for table `t_material`
--
ALTER TABLE `t_material`
  ADD PRIMARY KEY (`id`);

--
-- Indexes for table `t_order`
--
ALTER TABLE `t_order`
  ADD PRIMARY KEY (`id`);

--
-- Indexes for table `t_user`
--
ALTER TABLE `t_user`
  ADD PRIMARY KEY (`id`),
  ADD UNIQUE KEY `username` (`username`);

--
-- AUTO_INCREMENT for dumped tables
--

--
-- AUTO_INCREMENT for table `t_material`
--
ALTER TABLE `t_material`
  MODIFY `id` int(11) NOT NULL AUTO_INCREMENT, AUTO_INCREMENT=3;

--
-- AUTO_INCREMENT for table `t_order`
--
ALTER TABLE `t_order`
  MODIFY `id` int(11) NOT NULL AUTO_INCREMENT, AUTO_INCREMENT=64;

--
-- AUTO_INCREMENT for table `t_user`
--
ALTER TABLE `t_user`
  MODIFY `id` int(11) NOT NULL AUTO_INCREMENT, AUTO_INCREMENT=7;
COMMIT;

/*!40101 SET CHARACTER_SET_CLIENT=@OLD_CHARACTER_SET_CLIENT */;
/*!40101 SET CHARACTER_SET_RESULTS=@OLD_CHARACTER_SET_RESULTS */;
/*!40101 SET COLLATION_CONNECTION=@OLD_COLLATION_CONNECTION */;
